<?xml version="1.0" encoding="UTF-8" standalone="yes" ?>
<!DOCTYPE methods>
<methods>
	<item>
		<name>MSC14</name>
		<type>MSC</type>
		<compiler>C:\Program Files (x86)\Microsoft Visual Studio 14.0</compiler>
		<sdk>C:\Program Files (x86)\Windows Kits\10</sdk>
		<lib-x86>
			<item>C:\Program Files (x86)\Windows Kits\10\lib\10.0.10586.0\um\x86\</item>
			<item>C:\Program Files (x86)\Windows Kits\10\lib\10.0.10586.0\ucrt\x86\</item>
			<item>C:\Program Files (x86)\Windows Kits\10\lib\10.0.10240.0\ucrt\x86\</item>
			<item>C:\Program Files (x86)\Windows Kits\10\lib\10.0.10150.0\ucrt\x86\</item>
			<item>C:\Program Files (x86)\Microsoft Visual Studio 14.0\VC\lib\</item>
		</lib-x86>
		<lib-x64>
			<item>C:\Program Files (x86)\Windows Kits\10\lib\10.0.10586.0\um\x64\</item>
			<item>C:\Program Files (x86)\Windows Kits\10\lib\10.0.10586.0\ucrt\x64\</item>
			<item>C:\Program Files (x86)\Windows Kits\10\lib\10.0.10240.0\ucrt\x64\</item>
			<item>C:\Program Files (x86)\Windows Kits\10\lib\10.0.10150.0\ucrt\x64\</item>
			<item>C:\Program Files (x86)\Microsoft Visual Studio 14.0\VC\lib\amd64\</item>
		</lib-x64>
	</item>
	<item>
		<name>MSC11</name>
		<type>MSC</type>
		<compiler>C:\Program Files (x86)\Microsoft Visual Studio 11.0</compiler>
		<sdk>C:\Program Files (x86)\Windows Kits\8.0</sdk>
		<lib-x86>
			<item>C:\Program Files (x86)\Windows Kits\8.0\lib\win8\um\x86\</item>
			<item>C:\Program Files (x86)\Microsoft Visual Studio 11.0\VC\lib\</item>
		</lib-x86>
		<lib-x64>
			<item>C:\Program Files (x86)\Windows Kits\8.0\lib\win8\um\x64\</item>
			<item>C:\Program Files (x86)\Microsoft Visual Studio 11.0\VC\lib\amd64\</item>
		</lib-x64>
	</item>
	<item>
		<name>MSC10</name>
		<type>MSC</type>
		<compiler>C:\Program Files (x86)\Microsoft Visual Studio 10.0</compiler>
		<sdk>C:\Program Files (x86)\Microsoft SDKs\Windows\v7.0A</sdk>
		<lib-x86>
			<item>C:\Program Files (x86)\Microsoft SDKs\Windows\v7.0A\lib\</item>
			<item>C:\Program Files (x86)\Microsoft Visual Studio 10.0\VC\lib\</item>
		</lib-x86>
		<lib-x64/>
	</item>
</methods>